id,name,DOB,startDate,endDate,department,designation
1,Kuldeep Singh Rana,20-11-1995,1-1-2019,1-1-2079,software,developer
2,Anil Singh Rawat,30-11-1995,1-1-1959,1-1-2018,software,architect
3,Ashish Singh Rawat,10-11-1995,1-1-2019,1-1-2079,finance,associate
4,Siddharth Singh Chauhan,20-11-1995,1-1-1959,1-1-2018,software,architect
5,Aman Singh Bahuguna,22-11-1995,1-1-2019,1-1-2079,software,developer
6,Ayush Rana Rawat,12-11-1995,1-1-1959,1-1-2018,software,architect
7,Aman Singh Bahuguna,14-11-1995,1-1-2019,1-1-2079,finance,associate
8,Ashish Singh Rawat,16-11-1995,1-1-1959,1-1-2018,software,architect
9,Siddharth Singh Chauhan,16-11-1995,1-1-2019,1-1-2079,software,developer
10,Anil Singh Rawat,12-11-1995,1-1-1959,1-1-2018,software,architect
11,Siddharth Singh Chauhan,13-11-1995,1-1-2019,1-1-2079,finance,associate
12,Ashish Singh Rawat,12-11-1995,1-1-1959,1-1-2018,software,architect
13,Kuldeep Singh Rana,13-11-1995,1-1-2019,1-1-2079,finance,associate
14,Ashish Singh Rawat,18-11-1995,1-1-1959,1-1-2018,software,architect
15,Anil Singh Rawat,19-11-1995,1-1-2019,1-1-2079,software,developer
16,Siddharth Singh Chauhan,23-11-1995,1-1-1959,1-1-2018,finance,associate
17,Kuldeep Singh Rana,31-11-1995,1-1-2019,1-1-2079,software,developer
18,Ashish Singh Rawat,26-11-1995,1-1-1959,1-1-2018,software,architect
19,Anil Singh Rawat,31-11-1995,1-1-2019,1-1-2079,finance,associate
20,Kuldeep Singh Rana,28-11-1995,1-1-1959,1-1-2018,finance,associate
21,Ashish Singh Rawat,20-11-1995,1-1-2019,1-1-2079,software,developer
22,Anil Singh Rawat,29-11-1995,1-1-1959,1-1-2018,software,architect
23,Kuldeep Singh Rana,30-11-1995,1-1-2019,1-1-2079,finance,associate
24,Ashish Singh Rawat,21-11-1995,1-1-1959,1-1-2018,finance,associate
25,Anil Singh Rawat,11-11-1995,1-1-2019,1-1-2079,software,developer
26,Kuldeep Singh Rana,10-11-1995,1-1-1959,1-1-2018,finance,associate